MovieId,Mname,Date_released,CountryId
M0001,The Revenant,2015-12-25,us
M0002,Birdman,2014-08-27,us
M0003,Gravity,2013-08-28,uk
M0004,Life of Pi,2012-09-28,us
M0005,The Artist,2011-05-11,fr
M0006,The King's Speech,2010-09-06,uk
M0007,The Hurt Locker,2008-09-04,us
M0008,Slumdog Millionaire,2008-08-30,uk
M0009,No country for Old Men,2007-05-19,us
M0010,The Theory of Everything,2014-09-07,uk
M0011,Dallas Buyers Club,2013-09-07,us
M0012,Lincoln,2012-10-08,us
M0013,Crazy Heart,2009-12-06,us
M0014,Milk,2008-11-26,us
M0015,There Will Be Blood,2007-09-27,us
M0016,Room,2015-09-04,ca
M0017,Still Alice,2014-09-08,us
M0018,Blue Jasmine,2013-07-26,us
M0019,Silver Linings Playbook,2012-09-08,us
M0020,The Iron Lady,2011-12-26,uk
M0021,Black Swan,2010-12-03,us
M0022,Frozen,2013-11-19,us
M0023,Forrest Gump,1994-06-23,us
M0024,Alice in Wonderland,2010-02-25,us
M0025,Harry Potter and the Philosopher's Stone,2001-11-04,uk
M0026,Harry Potter and the Chamber of Secrets,2002-11-15,uk
M0027,Harry Potter and the Prisoner of Azkaban,2004-05-23,uk
M0028,Harry Potter and the Goblet of Fire,2005-11-06,uk
M0029,Harry Potter and the Order of the Phoenix,2007-07-03,uk
M0030,Harry Potter and the Half-Blood Prince,2009-07-06,uk
M0031,Harry Potter and the Deathly Hallows _ Part 1,2010-11-11,uk
M0032,Harry Potter and the Deathly Hallows _ Part 2,2011-07-07,uk
M0033,Sherlock Holmes,2009-12-25,us
M0034,The Day After Tomorrow,2004-05-24,us
M0035,The Cost of Living,2004-01-01,uk
M0036,Woodlawn,2015-10-16,us
M0037,Breakfast at Tiffany's,1961-10-05,us
M0038,Roman Holiday,1953-08-27,us
M0039,Ring,1998-01-31,jp
M0040,The Lord of the Rings: The Fellowship of the Ring,2001-12-10,nz
M0041,The Lord of the Rings: The Two Towers,2002-12-05,nz
M0042,The Lord of the Rings: The Return of the King,2003-12-17,nz
M0043,Four Little Girls,1997-07-09,us
M0044,The Phantom of the Opera,2004-12-10,uk
M0045,Interview with the Vampire,1994-11-11,us
M0046,The Tree of Life,2011-05-16,us
M0047,My Sister's Keeper,2009-06-26,us
M0048,Tangled,2010-11-14,us
M0049,Twilight,2008-11-17,us
M0050,Son of Saul,2015-05-15,hu